transaction_id,user_id,amount,transaction_type,transaction_status,transaction_status,meta_data,created_at,updated_at
660ffe42-7057-4513-9cfc-18e35fe1b6b2,,-250.0,TransactionTypeEnum.JOIN_CONTEST,TransactionStatusEnum.COMPLETED,TransactionStatusEnum.COMPLETED,{'user_draft_id': '7a6a15b7-22ca-4053-9fdc-49855ee264ed'},2024-04-22 12:12:12.638711,
8e5b507d-4c80-4a8a-b71b-1ccfbfd81ac9,,-250.0,TransactionTypeEnum.JOIN_CONTEST,TransactionStatusEnum.COMPLETED,TransactionStatusEnum.COMPLETED,{'user_draft_id': '7a6a15b7-22ca-4053-9fdc-49855ee264ed'},2024-04-22 12:12:09.184850,
025e3484-2338-4612-8297-f8dd867b44cb,,-250.0,TransactionTypeEnum.JOIN_CONTEST,TransactionStatusEnum.COMPLETED,TransactionStatusEnum.COMPLETED,{'user_draft_id': '7a6a15b7-22ca-4053-9fdc-49855ee264ed'},2024-04-22 12:12:00.190483,
3d8285fb-661b-425e-b1c2-cea469406313,,-250.0,TransactionTypeEnum.JOIN_CONTEST,TransactionStatusEnum.COMPLETED,TransactionStatusEnum.COMPLETED,{'user_draft_id': '7a6a15b7-22ca-4053-9fdc-49855ee264ed'},2024-04-22 12:11:38.181810,
b36612f8-b4e1-4697-b6e9-033aadf37110,,-20.0,TransactionTypeEnum.JOIN_CONTEST,TransactionStatusEnum.COMPLETED,TransactionStatusEnum.COMPLETED,{'user_draft_id': '62f1f5b9-f503-4927-9bbb-f33033c604a1'},2024-04-22 12:01:08.296758,
90ce414f-26a6-4217-8011-4453ee2225ea,,-50.0,TransactionTypeEnum.JOIN_CONTEST,TransactionStatusEnum.COMPLETED,TransactionStatusEnum.COMPLETED,{'user_draft_id': 'e66ebd7f-581b-4541-9692-54037a1a6d63'},2024-04-22 11:49:35.841468,
484c000d-60b2-4554-809e-e5ef3e5f71e2,,-50.0,TransactionTypeEnum.JOIN_CONTEST,TransactionStatusEnum.COMPLETED,TransactionStatusEnum.COMPLETED,{'user_draft_id': 'e66ebd7f-581b-4541-9692-54037a1a6d63'},2024-04-22 11:47:44.138529,
6f88e00d-e54f-4b03-9914-6f5e7b4c5177,,-50.0,TransactionTypeEnum.JOIN_CONTEST,TransactionStatusEnum.COMPLETED,TransactionStatusEnum.COMPLETED,{'user_draft_id': 'e66ebd7f-581b-4541-9692-54037a1a6d63'},2024-04-22 11:47:17.140667,
46d2362a-f75c-4c9a-a3fe-208306885bbc,,-50.0,TransactionTypeEnum.JOIN_CONTEST,TransactionStatusEnum.COMPLETED,TransactionStatusEnum.COMPLETED,{'user_draft_id': 'b225e2d5-3a36-4f29-924e-2de7bd5c2358'},2024-04-22 11:33:39.803930,
7114fcf4-399b-4acb-be15-c317fd67d43d,,-50.0,TransactionTypeEnum.JOIN_CONTEST,TransactionStatusEnum.COMPLETED,TransactionStatusEnum.COMPLETED,{'user_draft_id': 'b225e2d5-3a36-4f29-924e-2de7bd5c2358'},2024-04-22 11:33:36.324227,
68c3d497-9258-4602-ac27-8942679d79fb,,-50.0,TransactionTypeEnum.JOIN_CONTEST,TransactionStatusEnum.COMPLETED,TransactionStatusEnum.COMPLETED,{'user_draft_id': 'b225e2d5-3a36-4f29-924e-2de7bd5c2358'},2024-04-22 11:33:07.684788,
3b9a8489-6485-4e9d-be88-e1c511b9d683,,-50.0,TransactionTypeEnum.JOIN_CONTEST,TransactionStatusEnum.COMPLETED,TransactionStatusEnum.COMPLETED,{'user_draft_id': '7a0e9637-d2fc-48a8-8e4e-e6d899f4f67a'},2024-04-22 11:17:48.032620,
9382f345-8bcc-44ab-8184-af260380dc6a,,-50.0,TransactionTypeEnum.JOIN_CONTEST,TransactionStatusEnum.COMPLETED,TransactionStatusEnum.COMPLETED,{'user_draft_id': '7a0e9637-d2fc-48a8-8e4e-e6d899f4f67a'},2024-04-22 11:17:15.665534,
78851c2b-2ca3-4a76-93da-8a8ce194cc9a,,-50.0,TransactionTypeEnum.JOIN_CONTEST,TransactionStatusEnum.COMPLETED,TransactionStatusEnum.COMPLETED,{'user_draft_id': '7a0e9637-d2fc-48a8-8e4e-e6d899f4f67a'},2024-04-22 11:16:56.332887,
79fc81d3-a6f8-42d9-8b78-275959c5b621,,90.0,TransactionTypeEnum.WON_MONEY,TransactionStatusEnum.COMPLETED,TransactionStatusEnum.COMPLETED,{'user_draft_id': '0a14677a-a377-4852-89b7-40b50d915ffd'},2024-04-22 07:02:22.178329,
660a6c94-3456-4d4d-b157-2913388a9843,,135.0,TransactionTypeEnum.WON_MONEY,TransactionStatusEnum.COMPLETED,TransactionStatusEnum.COMPLETED,{'user_draft_id': '9e22b8a9-f1c4-437d-83ab-52d3bf693846'},2024-04-22 06:46:45.800162,
af207552-4f86-4150-af39-ca93d919f7c4,,270.0,TransactionTypeEnum.WON_MONEY,TransactionStatusEnum.COMPLETED,TransactionStatusEnum.COMPLETED,{'user_draft_id': '1000b231-59d9-4df9-a108-2b430a822f4b'},2024-04-22 06:46:35.939121,
0bdc56f0-fc2b-4dbc-b92d-dcf531f7243f,,32.0,TransactionTypeEnum.WON_MONEY,TransactionStatusEnum.COMPLETED,TransactionStatusEnum.COMPLETED,{'user_draft_id': 'fa1fcc77-4615-4787-b878-e7ba89864b71'},2024-04-22 05:04:53.046984,
0677ca36-5c71-493c-8213-c362b62880c7,,76.0,TransactionTypeEnum.WON_MONEY,TransactionStatusEnum.COMPLETED,TransactionStatusEnum.COMPLETED,{'user_draft_id': 'fa1fcc77-4615-4787-b878-e7ba89864b71'},2024-04-22 05:04:49.860691,
f16ee008-2570-4bba-873b-386c74eff803,,135.0,TransactionTypeEnum.WON_MONEY,TransactionStatusEnum.COMPLETED,TransactionStatusEnum.COMPLETED,{'user_draft_id': 'bce27f46-da8a-478f-a4e8-eed594433fbf'},2024-04-22 05:04:39.894784,
d8e7fccc-917a-41a8-bfcf-adb55b3042a5,,135.0,TransactionTypeEnum.WON_MONEY,TransactionStatusEnum.COMPLETED,TransactionStatusEnum.COMPLETED,{'user_draft_id': 'ba880af5-294e-47e3-9bba-e19b6840e5c8'},2024-04-22 05:04:30.279724,
84a353d6-a69a-4806-9b55-37cbf7aef423,,135.0,TransactionTypeEnum.WON_MONEY,TransactionStatusEnum.COMPLETED,TransactionStatusEnum.COMPLETED,{'user_draft_id': '730f9fdb-c568-4e61-91ee-10628b3ac293'},2024-04-22 05:04:20.490999,
118a6f11-607e-4d9d-881e-8b3a0283bac9,,180.0,TransactionTypeEnum.WON_MONEY,TransactionStatusEnum.COMPLETED,TransactionStatusEnum.COMPLETED,{'user_draft_id': 'a0db5773-0c01-42d4-8448-60f78be9ec14'},2024-04-22 05:02:19.029198,
c11e20bc-d361-441d-ab9f-0864f7b5479d,,180.0,TransactionTypeEnum.WON_MONEY,TransactionStatusEnum.COMPLETED,TransactionStatusEnum.COMPLETED,{'user_draft_id': 'a0db5773-0c01-42d4-8448-60f78be9ec14'},2024-04-22 05:02:05.279151,
14857a66-dc72-45ed-bf86-1d55faa0a7b0,,54.0,TransactionTypeEnum.WON_MONEY,TransactionStatusEnum.COMPLETED,TransactionStatusEnum.COMPLETED,{'user_draft_id': '7fddd7f3-f8b0-453a-9455-b999bfed1166'},2024-04-22 05:02:01.876863,
d05415d9-28c6-4664-a050-dd8bdee10ce7,,126.0,TransactionTypeEnum.WON_MONEY,TransactionStatusEnum.COMPLETED,TransactionStatusEnum.COMPLETED,{'user_draft_id': '7fddd7f3-f8b0-453a-9455-b999bfed1166'},2024-04-22 05:01:55.428540,
afe36e83-f519-4d8a-8815-d0f628ef9126,,54.0,TransactionTypeEnum.WON_MONEY,TransactionStatusEnum.COMPLETED,TransactionStatusEnum.COMPLETED,{'user_draft_id': '7fddd7f3-f8b0-453a-9455-b999bfed1166'},2024-04-22 05:01:52.177781,
bd340ce0-6faa-4a40-a960-c2c0797125d2,,126.0,TransactionTypeEnum.WON_MONEY,TransactionStatusEnum.COMPLETED,TransactionStatusEnum.COMPLETED,{'user_draft_id': '7fddd7f3-f8b0-453a-9455-b999bfed1166'},2024-04-22 05:01:46.353924,
d6ea71a0-9b84-4cfa-962e-cd47348f687f,,135.0,TransactionTypeEnum.WON_MONEY,TransactionStatusEnum.COMPLETED,TransactionStatusEnum.COMPLETED,{'user_draft_id': '25991dfa-4107-4b2c-8b74-61d019c8bc8a'},2024-04-22 05:01:40.636135,
f31de10d-76aa-4699-b0fc-c53f8d0eb241,,135.0,TransactionTypeEnum.WON_MONEY,TransactionStatusEnum.COMPLETED,TransactionStatusEnum.COMPLETED,{'user_draft_id': '25991dfa-4107-4b2c-8b74-61d019c8bc8a'},2024-04-22 05:01:34.319199,
d549ad97-fac4-46ce-a0d8-fc5fe4de3c01,,270.0,TransactionTypeEnum.WON_MONEY,TransactionStatusEnum.COMPLETED,TransactionStatusEnum.COMPLETED,{'user_draft_id': '2b56dc65-4106-45c6-a059-59a3aef4f880'},2024-04-22 05:01:23.186947,
70d307dd-2bb8-4cfc-a8a2-1b0d30f5ab4c,,-100.0,TransactionTypeEnum.JOIN_CONTEST,TransactionStatusEnum.COMPLETED,TransactionStatusEnum.COMPLETED,{'user_draft_id': '4c20bafb-884b-4bf6-a366-9ff37f4abf33'},2024-04-19 12:58:49.127131,
5c7cc52a-e496-48a7-96ee-54317aa6fe38,,-100.0,TransactionTypeEnum.JOIN_CONTEST,TransactionStatusEnum.COMPLETED,TransactionStatusEnum.COMPLETED,{'user_draft_id': '4c20bafb-884b-4bf6-a366-9ff37f4abf33'},2024-04-19 12:58:47.204443,
60a32f14-017d-4ac1-be5a-e3cf6fb5260e,,-100.0,TransactionTypeEnum.JOIN_CONTEST,TransactionStatusEnum.COMPLETED,TransactionStatusEnum.COMPLETED,{'user_draft_id': '4c20bafb-884b-4bf6-a366-9ff37f4abf33'},2024-04-19 12:58:33.679176,
432bf1fe-4121-4233-b86e-08fb2fc2c19d,,-100.0,TransactionTypeEnum.JOIN_CONTEST,TransactionStatusEnum.COMPLETED,TransactionStatusEnum.COMPLETED,{'user_draft_id': '4c20bafb-884b-4bf6-a366-9ff37f4abf33'},2024-04-19 12:58:18.331182,
2c629df6-b17c-455d-a743-1d6fcd26370d,,-50.0,TransactionTypeEnum.JOIN_CONTEST,TransactionStatusEnum.COMPLETED,TransactionStatusEnum.COMPLETED,{'user_draft_id': 'f8d54a7f-2d6b-4989-978b-488ba145c0e1'},2024-04-19 12:08:05.449677,
335360a2-7e67-411a-91c7-7e62d3f3ef0d,,-50.0,TransactionTypeEnum.JOIN_CONTEST,TransactionStatusEnum.COMPLETED,TransactionStatusEnum.COMPLETED,{'user_draft_id': 'f8d54a7f-2d6b-4989-978b-488ba145c0e1'},2024-04-19 12:07:49.797806,
e4b662b3-3dbd-4a09-8752-c028b51a01cc,,-50.0,TransactionTypeEnum.JOIN_CONTEST,TransactionStatusEnum.COMPLETED,TransactionStatusEnum.COMPLETED,{'user_draft_id': 'f8d54a7f-2d6b-4989-978b-488ba145c0e1'},2024-04-19 12:07:34.527965,
3993cc1f-921f-4342-bde6-6b83f436d7fb,,-50.0,TransactionTypeEnum.JOIN_CONTEST,TransactionStatusEnum.COMPLETED,TransactionStatusEnum.COMPLETED,{'user_draft_id': '68d67708-893a-4a85-a4b8-ffc61a4ebb9b'},2024-04-19 11:41:22.215570,
4edde4c7-1618-4a1f-b348-1a9ae3ff8406,,-50.0,TransactionTypeEnum.JOIN_CONTEST,TransactionStatusEnum.COMPLETED,TransactionStatusEnum.COMPLETED,{'user_draft_id': '68d67708-893a-4a85-a4b8-ffc61a4ebb9b'},2024-04-19 11:41:15.640486,
d0f462c3-6d47-417d-8610-677e1cd42da8,,-50.0,TransactionTypeEnum.JOIN_CONTEST,TransactionStatusEnum.COMPLETED,TransactionStatusEnum.COMPLETED,{'user_draft_id': '68d67708-893a-4a85-a4b8-ffc61a4ebb9b'},2024-04-19 11:40:54.935096,
7a6feb18-7f2e-49b6-a7b8-2a0232034c2c,,-50.0,TransactionTypeEnum.JOIN_CONTEST,TransactionStatusEnum.COMPLETED,TransactionStatusEnum.COMPLETED,{'user_draft_id': '12997a0e-16bd-4ad1-a94b-8dcd9da131b3'},2024-04-19 10:00:05.231024,
b1cf8a1b-432d-49af-a0a6-ebc536d515df,,-50.0,TransactionTypeEnum.JOIN_CONTEST,TransactionStatusEnum.COMPLETED,TransactionStatusEnum.COMPLETED,{'user_draft_id': '12997a0e-16bd-4ad1-a94b-8dcd9da131b3'},2024-04-19 09:59:55.259277,
83b57692-e727-4f0d-b565-c12263ea4de5,,-50.0,TransactionTypeEnum.JOIN_CONTEST,TransactionStatusEnum.COMPLETED,TransactionStatusEnum.COMPLETED,{'user_draft_id': '12997a0e-16bd-4ad1-a94b-8dcd9da131b3'},2024-04-19 09:59:36.649089,
3c40a0a6-9fc2-4fd5-9a47-76c0576506d8,,-50.0,TransactionTypeEnum.JOIN_CONTEST,TransactionStatusEnum.COMPLETED,TransactionStatusEnum.COMPLETED,{'user_draft_id': '730f9fdb-c568-4e61-91ee-10628b3ac293'},2024-04-18 08:15:53.801088,
89559a18-7f89-446f-ab37-eaa208fe6fe8,,-50.0,TransactionTypeEnum.JOIN_CONTEST,TransactionStatusEnum.COMPLETED,TransactionStatusEnum.COMPLETED,{'user_draft_id': '730f9fdb-c568-4e61-91ee-10628b3ac293'},2024-04-18 08:15:53.535564,
7303e640-7359-4fc7-b48e-4f92b0844427,,-50.0,TransactionTypeEnum.JOIN_CONTEST,TransactionStatusEnum.COMPLETED,TransactionStatusEnum.COMPLETED,{'user_draft_id': '730f9fdb-c568-4e61-91ee-10628b3ac293'},2024-04-18 08:15:36.648505,
fb6296aa-90f6-417a-882f-a31523e413e0,,-50.0,TransactionTypeEnum.JOIN_CONTEST,TransactionStatusEnum.COMPLETED,TransactionStatusEnum.COMPLETED,{'user_draft_id': 'ba880af5-294e-47e3-9bba-e19b6840e5c8'},2024-04-18 08:01:00.667331,
7b117805-981a-4bf6-b5b3-3af3295f347d,,-50.0,TransactionTypeEnum.JOIN_CONTEST,TransactionStatusEnum.COMPLETED,TransactionStatusEnum.COMPLETED,{'user_draft_id': 'ba880af5-294e-47e3-9bba-e19b6840e5c8'},2024-04-18 08:00:46.780477,
47f093d3-ea56-4456-94e0-1869d58e66e7,,-50.0,TransactionTypeEnum.JOIN_CONTEST,TransactionStatusEnum.COMPLETED,TransactionStatusEnum.COMPLETED,{'user_draft_id': 'ba880af5-294e-47e3-9bba-e19b6840e5c8'},2024-04-18 08:00:37.177985,
a542777a-a8a6-4a39-82b6-95c4962dbd3e,,-50.0,TransactionTypeEnum.JOIN_CONTEST,TransactionStatusEnum.COMPLETED,TransactionStatusEnum.COMPLETED,{'user_draft_id': 'bce27f46-da8a-478f-a4e8-eed594433fbf'},2024-04-18 07:50:07.118921,
2333da83-bd72-405c-85cf-cc894bc1e1ab,,-50.0,TransactionTypeEnum.JOIN_CONTEST,TransactionStatusEnum.COMPLETED,TransactionStatusEnum.COMPLETED,{'user_draft_id': 'bce27f46-da8a-478f-a4e8-eed594433fbf'},2024-04-18 07:49:53.830162,
3f2d8649-f721-4307-91b1-4b8f81a9b680,,-50.0,TransactionTypeEnum.JOIN_CONTEST,TransactionStatusEnum.COMPLETED,TransactionStatusEnum.COMPLETED,{'user_draft_id': 'bce27f46-da8a-478f-a4e8-eed594433fbf'},2024-04-18 07:49:45.100358,
84d0708a-09db-44f6-b430-22d3b2274a9d,,-30.0,TransactionTypeEnum.JOIN_CONTEST,TransactionStatusEnum.COMPLETED,TransactionStatusEnum.COMPLETED,{'user_draft_id': 'fa1fcc77-4615-4787-b878-e7ba89864b71'},2024-04-17 13:40:52.609804,
f8f4d779-4deb-4137-b137-7b97381af727,,-30.0,TransactionTypeEnum.JOIN_CONTEST,TransactionStatusEnum.COMPLETED,TransactionStatusEnum.COMPLETED,{'user_draft_id': 'fa1fcc77-4615-4787-b878-e7ba89864b71'},2024-04-17 13:40:47.433376,
2f63046e-3af2-4360-99af-c94c44af740b,,-30.0,TransactionTypeEnum.JOIN_CONTEST,TransactionStatusEnum.COMPLETED,TransactionStatusEnum.COMPLETED,{'user_draft_id': 'fa1fcc77-4615-4787-b878-e7ba89864b71'},2024-04-17 13:40:46.239984,
1a322e71-e899-4c66-9d19-8ead83f5937a,,-30.0,TransactionTypeEnum.JOIN_CONTEST,TransactionStatusEnum.COMPLETED,TransactionStatusEnum.COMPLETED,{'user_draft_id': 'fa1fcc77-4615-4787-b878-e7ba89864b71'},2024-04-17 13:40:36.408483,
80ceb6ac-082a-4828-b13a-c80bc91034fe,,90.0,TransactionTypeEnum.WON_MONEY,TransactionStatusEnum.COMPLETED,TransactionStatusEnum.COMPLETED,{'user_draft_id': 'e2996022-4877-4446-b841-e97c0d268a1b'},2024-04-17 13:23:57.917555,
798db150-a2d8-4524-bc46-4173abc07bd6,,68.0,TransactionTypeEnum.WON_MONEY,TransactionStatusEnum.COMPLETED,TransactionStatusEnum.COMPLETED,{'user_draft_id': '3d8f7589-e244-4d9c-9fca-870e7e30248e'},2024-04-17 13:23:45.950382,
66a8850e-a3e8-499e-b398-64911b1b96fd,,158.0,TransactionTypeEnum.WON_MONEY,TransactionStatusEnum.COMPLETED,TransactionStatusEnum.COMPLETED,{'user_draft_id': '3d8f7589-e244-4d9c-9fca-870e7e30248e'},2024-04-17 13:23:42.763160,
1e84ced9-f507-4faf-864e-fee96275c289,,36.0,TransactionTypeEnum.WON_MONEY,TransactionStatusEnum.COMPLETED,TransactionStatusEnum.COMPLETED,{'user_draft_id': '2e5480b6-895c-4b93-a25e-be05177fc59a'},2024-04-17 13:18:02.661053,
6fd76a33-1537-4118-af91-a751bea66e28,,54.0,TransactionTypeEnum.WON_MONEY,TransactionStatusEnum.COMPLETED,TransactionStatusEnum.COMPLETED,{'user_draft_id': '23b8794d-85ae-482f-bde7-49a023651078'},2024-04-17 13:17:53.164753,
c9e7fb78-56d0-449e-890e-2050877f01ef,,126.0,TransactionTypeEnum.WON_MONEY,TransactionStatusEnum.COMPLETED,TransactionStatusEnum.COMPLETED,{'user_draft_id': '23b8794d-85ae-482f-bde7-49a023651078'},2024-04-17 13:17:49.707764,
5a6c9b55-a4fc-4b02-bdee-cf350802644e,,-50.0,TransactionTypeEnum.JOIN_CONTEST,TransactionStatusEnum.COMPLETED,TransactionStatusEnum.COMPLETED,{'user_draft_id': 'c2ce1b28-ff0f-4577-95f0-cbe2d49b52b0'},2024-04-17 12:37:51.558318,
7e989ae0-7f46-4151-af3f-974fa56b63b1,,-50.0,TransactionTypeEnum.JOIN_CONTEST,TransactionStatusEnum.COMPLETED,TransactionStatusEnum.COMPLETED,{'user_draft_id': 'c2ce1b28-ff0f-4577-95f0-cbe2d49b52b0'},2024-04-17 12:37:44.698088,
6328c45e-f0b4-4de8-b8db-e4d3ec4d169e,,-50.0,TransactionTypeEnum.JOIN_CONTEST,TransactionStatusEnum.COMPLETED,TransactionStatusEnum.COMPLETED,{'user_draft_id': 'c2ce1b28-ff0f-4577-95f0-cbe2d49b52b0'},2024-04-17 12:36:20.567518,
39aa0b98-88dd-43ce-8c34-50ab1e1a6e30,,-50.0,TransactionTypeEnum.JOIN_CONTEST,TransactionStatusEnum.COMPLETED,TransactionStatusEnum.COMPLETED,{'user_draft_id': '7ae5fda1-4583-43dc-8763-e3327c025f47'},2024-04-17 12:04:44.193734,
c5d8dced-00c5-4e05-8597-a9012322ad4b,,-50.0,TransactionTypeEnum.JOIN_CONTEST,TransactionStatusEnum.COMPLETED,TransactionStatusEnum.COMPLETED,{'user_draft_id': '7ae5fda1-4583-43dc-8763-e3327c025f47'},2024-04-17 12:04:20.708178,
14440b35-c1de-494f-a047-4a5f048f420c,,-50.0,TransactionTypeEnum.JOIN_CONTEST,TransactionStatusEnum.COMPLETED,TransactionStatusEnum.COMPLETED,{'user_draft_id': '7ae5fda1-4583-43dc-8763-e3327c025f47'},2024-04-17 12:03:59.027252,
596927bd-ceb2-4537-bb33-8058e7b43153,,-50.0,TransactionTypeEnum.JOIN_CONTEST,TransactionStatusEnum.COMPLETED,TransactionStatusEnum.COMPLETED,{'user_draft_id': '6a3a0d47-c44b-4fdc-8622-c280692a562e'},2024-04-17 11:50:27.905945,
776a917e-6fcf-4a9b-b56d-1e5a7271da7d,,-50.0,TransactionTypeEnum.JOIN_CONTEST,TransactionStatusEnum.COMPLETED,TransactionStatusEnum.COMPLETED,{'user_draft_id': '6a3a0d47-c44b-4fdc-8622-c280692a562e'},2024-04-17 11:50:11.081068,
6072f0d6-d438-4da5-9657-47328d228fcc,,-50.0,TransactionTypeEnum.JOIN_CONTEST,TransactionStatusEnum.COMPLETED,TransactionStatusEnum.COMPLETED,{'user_draft_id': '6a3a0d47-c44b-4fdc-8622-c280692a562e'},2024-04-17 11:49:55.597962,
df4270f4-eafc-47d4-947d-4c0fe5705bc9,,50.0,TransactionTypeEnum.CANCELLED_CONTEST,TransactionStatusEnum.COMPLETED,TransactionStatusEnum.COMPLETED,{'user_draft_id': '3a05e9af-3869-417e-97a8-c6d60aad4117'},2024-04-17 11:35:19.699784,
d182e5fd-9eb5-4593-90fb-21c675f41158,,-50.0,TransactionTypeEnum.JOIN_CONTEST,TransactionStatusEnum.COMPLETED,TransactionStatusEnum.COMPLETED,{'user_draft_id': '7f1008f8-117c-4389-9f82-e2632f389eac'},2024-04-17 11:28:48.497799,
286e6006-6b66-4eb3-a799-cd7a6a7b5747,,-50.0,TransactionTypeEnum.JOIN_CONTEST,TransactionStatusEnum.COMPLETED,TransactionStatusEnum.COMPLETED,{'user_draft_id': '7f1008f8-117c-4389-9f82-e2632f389eac'},2024-04-17 11:28:34.438389,
6593ae38-007a-4ee9-87e0-bea13747448f,,-50.0,TransactionTypeEnum.JOIN_CONTEST,TransactionStatusEnum.COMPLETED,TransactionStatusEnum.COMPLETED,{'user_draft_id': '7f1008f8-117c-4389-9f82-e2632f389eac'},2024-04-17 11:28:15.058134,
696343ff-5ff0-4009-a54a-467a56579cc6,,-50.0,TransactionTypeEnum.JOIN_CONTEST,TransactionStatusEnum.COMPLETED,TransactionStatusEnum.COMPLETED,{'user_draft_id': '7f1008f8-117c-4389-9f82-e2632f389eac'},2024-04-17 11:27:58.824207,
1cdf9e0f-0ecb-41bb-8713-260788733c9c,,50.0,TransactionTypeEnum.CANCELLED_CONTEST,TransactionStatusEnum.COMPLETED,TransactionStatusEnum.COMPLETED,{'user_draft_id': '28c83d0d-889e-4868-8bcd-bf1a521aac24'},2024-04-17 11:26:15.196427,
00601703-a6d0-49ee-81fc-7c9b230e5761,,20.0,TransactionTypeEnum.CANCELLED_CONTEST,TransactionStatusEnum.COMPLETED,TransactionStatusEnum.COMPLETED,{'user_draft_id': '2eb48dce-5195-450b-ac4d-73c064245629'},2024-04-17 11:26:12.238643,
a9b6237d-d7e3-4d38-87fe-ad554faa9d6b,,50.0,TransactionTypeEnum.CANCELLED_CONTEST,TransactionStatusEnum.COMPLETED,TransactionStatusEnum.COMPLETED,{'user_draft_id': '55d22ff2-8f8e-421f-a852-6cda055f1bab'},2024-04-17 11:26:09.366137,
918ee317-5451-4dcf-bbe2-8483170fa5ec,,50.0,TransactionTypeEnum.CANCELLED_CONTEST,TransactionStatusEnum.COMPLETED,TransactionStatusEnum.COMPLETED,{'user_draft_id': '7c4d319f-f855-4518-8ad8-fad15ea7593d'},2024-04-17 11:25:10.291021,
a38d1615-5737-4ce7-b50f-9ef532667caa,,-50.0,TransactionTypeEnum.JOIN_CONTEST,TransactionStatusEnum.COMPLETED,TransactionStatusEnum.COMPLETED,{'user_draft_id': '55d22ff2-8f8e-421f-a852-6cda055f1bab'},2024-04-17 10:51:30.377017,
7a6eaf3c-8f60-4850-8316-81260ffea0e7,,-20.0,TransactionTypeEnum.JOIN_CONTEST,TransactionStatusEnum.COMPLETED,TransactionStatusEnum.COMPLETED,{'user_draft_id': '2eb48dce-5195-450b-ac4d-73c064245629'},2024-04-17 10:43:33.049360,
24bb9d67-2051-4bbf-bc4d-498f70df55f1,,-50.0,TransactionTypeEnum.JOIN_CONTEST,TransactionStatusEnum.COMPLETED,TransactionStatusEnum.COMPLETED,{'user_draft_id': '7c4d319f-f855-4518-8ad8-fad15ea7593d'},2024-04-17 10:35:47.597418,
8cd7746f-3f23-4b6f-84fa-8b3255ff20cd,,-50.0,TransactionTypeEnum.JOIN_CONTEST,TransactionStatusEnum.COMPLETED,TransactionStatusEnum.COMPLETED,{'user_draft_id': '28c83d0d-889e-4868-8bcd-bf1a521aac24'},2024-04-17 10:30:10.798692,
e86a4591-7e53-4bee-8c4c-89e0c86b7087,,-50.0,TransactionTypeEnum.JOIN_CONTEST,TransactionStatusEnum.COMPLETED,TransactionStatusEnum.COMPLETED,{'user_draft_id': '3a05e9af-3869-417e-97a8-c6d60aad4117'},2024-04-17 10:29:20.727861,
565e1ba1-37ad-4688-81d3-eb1cc0b20561,,-100.0,TransactionTypeEnum.JOIN_CONTEST,TransactionStatusEnum.COMPLETED,TransactionStatusEnum.COMPLETED,{'user_draft_id': '7e01b286-18ab-4e64-99cd-c3aa40a2afb0'},2024-04-17 08:04:17.309894,
c7d54fb9-daed-4733-958f-71e3effd78b6,,-100.0,TransactionTypeEnum.JOIN_CONTEST,TransactionStatusEnum.COMPLETED,TransactionStatusEnum.COMPLETED,{'user_draft_id': '7e01b286-18ab-4e64-99cd-c3aa40a2afb0'},2024-04-17 08:04:12.219686,
828d5877-9f3b-415c-af56-efa02d1edb3b,,-100.0,TransactionTypeEnum.JOIN_CONTEST,TransactionStatusEnum.COMPLETED,TransactionStatusEnum.COMPLETED,{'user_draft_id': '7e01b286-18ab-4e64-99cd-c3aa40a2afb0'},2024-04-17 08:03:52.884522,
7719b69d-c356-422e-82d8-8e050cbb32f0,,10.0,TransactionTypeEnum.CASH_BONUS,TransactionStatusEnum.COMPLETED,TransactionStatusEnum.COMPLETED,{},2024-04-17 08:01:36.209115,
1d872f80-36d8-49b9-8a1d-07a6d67a94cd,,36.0,TransactionTypeEnum.DEPOSIT_MONEY,TransactionStatusEnum.COMPLETED,TransactionStatusEnum.COMPLETED,{},2024-04-17 07:51:34.725411,
35c9855e-5c60-404e-a99a-cea6c57a709f,,-50.0,TransactionTypeEnum.JOIN_CONTEST,TransactionStatusEnum.COMPLETED,TransactionStatusEnum.COMPLETED,{'user_draft_id': '9934a278-1687-4393-aade-bbed4de8e3d1'},2024-04-17 07:36:51.977455,
fa26c2a4-76b4-498f-b8c9-60e471c15d9d,,-50.0,TransactionTypeEnum.JOIN_CONTEST,TransactionStatusEnum.COMPLETED,TransactionStatusEnum.COMPLETED,{'user_draft_id': '9934a278-1687-4393-aade-bbed4de8e3d1'},2024-04-17 07:36:25.419585,
c01d3579-b1ea-441a-b484-16f64ae7d495,,-50.0,TransactionTypeEnum.JOIN_CONTEST,TransactionStatusEnum.COMPLETED,TransactionStatusEnum.COMPLETED,{'user_draft_id': '9934a278-1687-4393-aade-bbed4de8e3d1'},2024-04-17 07:36:13.175878,
6900cd45-0b9d-42d7-97e4-740a8bfbaa0f,,14.0,TransactionTypeEnum.CASH_BONUS,TransactionStatusEnum.COMPLETED,TransactionStatusEnum.COMPLETED,{},2024-04-17 07:18:25.137686,
d290949a-8fe1-4ba5-a3de-1c1facd07d38,,51.0,TransactionTypeEnum.DEPOSIT_MONEY,TransactionStatusEnum.COMPLETED,TransactionStatusEnum.COMPLETED,{},2024-04-17 07:18:00.627243,
ceea9095-c525-4401-8480-6b108255195f,,-50.0,TransactionTypeEnum.JOIN_CONTEST,TransactionStatusEnum.COMPLETED,TransactionStatusEnum.COMPLETED,{'user_draft_id': 'cdccb74d-0eda-4b4d-9f49-9fe3132fa71d'},2024-04-17 06:53:38.005341,
53340a83-6c5c-446a-9039-0bdd66247eb2,,-50.0,TransactionTypeEnum.JOIN_CONTEST,TransactionStatusEnum.COMPLETED,TransactionStatusEnum.COMPLETED,{'user_draft_id': 'cdccb74d-0eda-4b4d-9f49-9fe3132fa71d'},2024-04-17 06:53:25.525909,
22d90893-4bb3-4d8d-990e-293f57a7a756,,-50.0,TransactionTypeEnum.JOIN_CONTEST,TransactionStatusEnum.COMPLETED,TransactionStatusEnum.COMPLETED,{'user_draft_id': 'f3e08e06-742e-415e-9e56-8e9a997efc28'},2024-04-16 12:56:10.899275,
2227d076-bb07-45c9-ac7c-80c7502901cb,,-50.0,TransactionTypeEnum.JOIN_CONTEST,TransactionStatusEnum.COMPLETED,TransactionStatusEnum.COMPLETED,{'user_draft_id': 'f3e08e06-742e-415e-9e56-8e9a997efc28'},2024-04-16 12:55:42.442717,
7a4036a5-78af-472d-af0b-ef70cfc4625f,,-50.0,TransactionTypeEnum.JOIN_CONTEST,TransactionStatusEnum.COMPLETED,TransactionStatusEnum.COMPLETED,{'user_draft_id': 'f3e08e06-742e-415e-9e56-8e9a997efc28'},2024-04-16 12:55:28.381445,
9c33cee8-2883-4c4b-b335-dcba9a8c6e68,,-50.0,TransactionTypeEnum.JOIN_CONTEST,TransactionStatusEnum.COMPLETED,TransactionStatusEnum.COMPLETED,{'user_draft_id': '3861cf14-f303-4a4d-851e-7c7c3305c6f8'},2024-04-16 12:39:21.190689,
39ad3c45-6a5b-4e71-bd29-db0b29c5486d,,-50.0,TransactionTypeEnum.JOIN_CONTEST,TransactionStatusEnum.COMPLETED,TransactionStatusEnum.COMPLETED,{'user_draft_id': '3861cf14-f303-4a4d-851e-7c7c3305c6f8'},2024-04-16 12:36:55.887803,
141d9a42-b387-4810-aeab-a57661c71066,,-50.0,TransactionTypeEnum.JOIN_CONTEST,TransactionStatusEnum.COMPLETED,TransactionStatusEnum.COMPLETED,{'user_draft_id': '3861cf14-f303-4a4d-851e-7c7c3305c6f8'},2024-04-16 12:35:57.244410,
4874cc3a-2193-4a93-8078-ef5ff59db1c6,,-50.0,TransactionTypeEnum.JOIN_CONTEST,TransactionStatusEnum.COMPLETED,TransactionStatusEnum.COMPLETED,{'user_draft_id': '13477682-d1b7-4893-929d-36dae7baabf7'},2024-04-16 12:26:10.993443,
5800594c-3ff7-43c3-af83-1cd8dd80852d,,-50.0,TransactionTypeEnum.JOIN_CONTEST,TransactionStatusEnum.COMPLETED,TransactionStatusEnum.COMPLETED,{'user_draft_id': '13477682-d1b7-4893-929d-36dae7baabf7'},2024-04-16 12:25:55.701758,
9829f011-5544-4d49-b78b-7e95631b8a1d,,-50.0,TransactionTypeEnum.JOIN_CONTEST,TransactionStatusEnum.COMPLETED,TransactionStatusEnum.COMPLETED,{'user_draft_id': '13477682-d1b7-4893-929d-36dae7baabf7'},2024-04-16 12:20:39.388448,
435732ff-98ec-4479-8915-f95d065a7e60,,-50.0,TransactionTypeEnum.JOIN_CONTEST,TransactionStatusEnum.COMPLETED,TransactionStatusEnum.COMPLETED,{'user_draft_id': '70f9597b-fb3f-42bd-b486-0a65a5c8ba43'},2024-04-16 11:56:16.840013,
e34b20bd-a486-4f89-a2c0-7bb2659af6db,,-50.0,TransactionTypeEnum.JOIN_CONTEST,TransactionStatusEnum.COMPLETED,TransactionStatusEnum.COMPLETED,{'user_draft_id': '70f9597b-fb3f-42bd-b486-0a65a5c8ba43'},2024-04-16 11:54:07.770917,
2c265772-2b3c-4475-aeb4-e4655c2e9240,,-50.0,TransactionTypeEnum.JOIN_CONTEST,TransactionStatusEnum.COMPLETED,TransactionStatusEnum.COMPLETED,{'user_draft_id': '70f9597b-fb3f-42bd-b486-0a65a5c8ba43'},2024-04-16 11:53:48.436248,
1d82adc8-8251-4515-ace5-5bed2e1997aa,,11.0,TransactionTypeEnum.CASH_BONUS,TransactionStatusEnum.COMPLETED,TransactionStatusEnum.COMPLETED,{},2024-04-16 09:57:03.232502,
de862729-c6f3-4be0-adac-ddb3f47ebc02,,39.0,TransactionTypeEnum.DEPOSIT_MONEY,TransactionStatusEnum.COMPLETED,TransactionStatusEnum.COMPLETED,{},2024-04-16 09:57:03.228273,
50835f5b-1883-4e0b-9b8c-1a3c1472dc6b,,-50.0,TransactionTypeEnum.JOIN_CONTEST,TransactionStatusEnum.COMPLETED,TransactionStatusEnum.COMPLETED,{'user_draft_id': 'c83130d5-287e-4b03-a141-abd5a16beac4'},2024-04-15 13:18:50.198329,
ceeca771-8a9f-4e42-a3b6-11a75a720999,,-50.0,TransactionTypeEnum.JOIN_CONTEST,TransactionStatusEnum.COMPLETED,TransactionStatusEnum.COMPLETED,{'user_draft_id': 'c83130d5-287e-4b03-a141-abd5a16beac4'},2024-04-15 13:18:32.117825,
b94d82d0-edcd-46ba-a1f5-d7be6ca68ee9,,-50.0,TransactionTypeEnum.JOIN_CONTEST,TransactionStatusEnum.COMPLETED,TransactionStatusEnum.COMPLETED,{'user_draft_id': 'c83130d5-287e-4b03-a141-abd5a16beac4'},2024-04-15 13:12:27.763167,
07ae33ee-5df8-44a3-ab3c-18665fcc5393,,-100.0,TransactionTypeEnum.JOIN_CONTEST,TransactionStatusEnum.COMPLETED,TransactionStatusEnum.COMPLETED,{'user_draft_id': '2e234389-f8ee-42b9-aab7-efc883b6e8eb'},2024-04-15 13:09:20.221356,
81b2149a-05dd-40b0-a1ab-b5e238e77358,,-100.0,TransactionTypeEnum.JOIN_CONTEST,TransactionStatusEnum.COMPLETED,TransactionStatusEnum.COMPLETED,{'user_draft_id': '2e234389-f8ee-42b9-aab7-efc883b6e8eb'},2024-04-15 13:08:47.270027,
dc3def37-8cb8-4cf7-a4a6-4ede53a21691,,-100.0,TransactionTypeEnum.JOIN_CONTEST,TransactionStatusEnum.COMPLETED,TransactionStatusEnum.COMPLETED,{'user_draft_id': '2e234389-f8ee-42b9-aab7-efc883b6e8eb'},2024-04-15 13:08:22.410578,
6ce4503d-bcfa-4386-9357-3ec622b25a69,,219.0,TransactionTypeEnum.CASH_BONUS,TransactionStatusEnum.COMPLETED,TransactionStatusEnum.COMPLETED,{},2024-04-15 12:02:34.664909,
f24686dd-ea9e-4d16-95e1-cfe446bf9ab1,,781.0,TransactionTypeEnum.DEPOSIT_MONEY,TransactionStatusEnum.COMPLETED,TransactionStatusEnum.COMPLETED,{},2024-04-15 12:02:34.660277,
9916993d-d698-4a2d-88e7-fcf3fd2c4a0d,,50.0,TransactionTypeEnum.CANCELLED_CONTEST,TransactionStatusEnum.COMPLETED,TransactionStatusEnum.COMPLETED,{'user_draft_id': '079e2a2b-41a9-4df2-9fb3-61290983dd07'},2024-04-15 11:39:22.840239,
ad31a18f-990c-4f97-8904-f95841b6e30c,,50.0,TransactionTypeEnum.CANCELLED_CONTEST,TransactionStatusEnum.COMPLETED,TransactionStatusEnum.COMPLETED,{'user_draft_id': '079e2a2b-41a9-4df2-9fb3-61290983dd07'},2024-04-15 11:39:19.973263,
ba814dbb-22d3-4450-9ce7-e1cc2a4dbdc1,,50.0,TransactionTypeEnum.CANCELLED_CONTEST,TransactionStatusEnum.COMPLETED,TransactionStatusEnum.COMPLETED,{'user_draft_id': '338aa175-0c27-49b2-a004-d50bf7b7f634'},2024-04-15 11:26:19.827823,
426e78e2-f6bf-4c84-bfb4-13833973fffa,,50.0,TransactionTypeEnum.CANCELLED_CONTEST,TransactionStatusEnum.COMPLETED,TransactionStatusEnum.COMPLETED,{'user_draft_id': '8c953f9a-461d-43a1-874b-e3da9b6814ae'},2024-04-15 11:24:19.749429,
de65f236-8009-4441-a4f5-0f8b722a4c99,,-50.0,TransactionTypeEnum.JOIN_CONTEST,TransactionStatusEnum.COMPLETED,TransactionStatusEnum.COMPLETED,{'user_draft_id': '89d212e3-c6ee-4169-a383-e1aaa25874b4'},2024-04-15 11:12:36.948764,
8ade377b-6060-4476-9415-a47cb26eecff,,-50.0,TransactionTypeEnum.JOIN_CONTEST,TransactionStatusEnum.COMPLETED,TransactionStatusEnum.COMPLETED,{'user_draft_id': '89d212e3-c6ee-4169-a383-e1aaa25874b4'},2024-04-15 11:05:45.268845,
d758751b-7b74-496c-bd3b-693dff0ca7be,,-50.0,TransactionTypeEnum.JOIN_CONTEST,TransactionStatusEnum.COMPLETED,TransactionStatusEnum.COMPLETED,{'user_draft_id': '89d212e3-c6ee-4169-a383-e1aaa25874b4'},2024-04-15 11:05:22.620656,
2d91bfe6-9264-424e-9dd3-871b3d38925e,,50.0,TransactionTypeEnum.CANCELLED_CONTEST,TransactionStatusEnum.COMPLETED,TransactionStatusEnum.COMPLETED,{'user_draft_id': 'ce882948-7475-4de4-ac9d-7c60ee6de488'},2024-04-15 11:04:09.345991,
5a2b3231-5361-4567-82e6-a2c1e9e37733,,-50.0,TransactionTypeEnum.JOIN_CONTEST,TransactionStatusEnum.COMPLETED,TransactionStatusEnum.COMPLETED,{'user_draft_id': 'ce882948-7475-4de4-ac9d-7c60ee6de488'},2024-04-15 11:03:34.975962,
1f6b9e70-ffa0-41ae-8ca5-bbfeb73fc9c1,,-50.0,TransactionTypeEnum.JOIN_CONTEST,TransactionStatusEnum.COMPLETED,TransactionStatusEnum.COMPLETED,{'user_draft_id': '079e2a2b-41a9-4df2-9fb3-61290983dd07'},2024-04-15 10:35:23.732526,
991f0bc0-4ca8-4b19-aade-08401b963629,,-50.0,TransactionTypeEnum.JOIN_CONTEST,TransactionStatusEnum.COMPLETED,TransactionStatusEnum.COMPLETED,{'user_draft_id': '079e2a2b-41a9-4df2-9fb3-61290983dd07'},2024-04-15 10:33:59.828008,
2c9f4de5-116a-481b-a8da-fa442a3e6a77,,50.0,TransactionTypeEnum.CANCELLED_CONTEST,TransactionStatusEnum.COMPLETED,TransactionStatusEnum.COMPLETED,{'user_draft_id': '93c68144-0dae-493e-bf64-51716dca3a35'},2024-04-15 10:23:19.189299,
f8116fcb-a681-408f-8422-483582e57d01,,-50.0,TransactionTypeEnum.JOIN_CONTEST,TransactionStatusEnum.COMPLETED,TransactionStatusEnum.COMPLETED,{'user_draft_id': '93c68144-0dae-493e-bf64-51716dca3a35'},2024-04-15 10:22:44.915503,
e47ed793-f004-49b3-9da8-be4bf45d7541,,-50.0,TransactionTypeEnum.JOIN_CONTEST,TransactionStatusEnum.COMPLETED,TransactionStatusEnum.COMPLETED,{'user_draft_id': '338aa175-0c27-49b2-a004-d50bf7b7f634'},2024-04-15 10:20:59.791127,
d36367e8-5059-4dbf-8d62-08c063e9932b,,-50.0,TransactionTypeEnum.JOIN_CONTEST,TransactionStatusEnum.COMPLETED,TransactionStatusEnum.COMPLETED,{'user_draft_id': '8c953f9a-461d-43a1-874b-e3da9b6814ae'},2024-04-15 10:18:31.394220,
3061f448-5d44-4246-837c-816707799780,,-50.0,TransactionTypeEnum.JOIN_CONTEST,TransactionStatusEnum.COMPLETED,TransactionStatusEnum.COMPLETED,{'user_draft_id': '0a14677a-a377-4852-89b7-40b50d915ffd'},2024-04-12 14:14:06.654870,
f30644a6-bebc-44fd-a0f9-ecdaed2a05bb,,-50.0,TransactionTypeEnum.JOIN_CONTEST,TransactionStatusEnum.COMPLETED,TransactionStatusEnum.COMPLETED,{'user_draft_id': '0a14677a-a377-4852-89b7-40b50d915ffd'},2024-04-12 14:13:49.985150,
4279d046-7587-4c39-a793-7f0da6de5f37,,44.0,TransactionTypeEnum.CASH_BONUS,TransactionStatusEnum.COMPLETED,TransactionStatusEnum.COMPLETED,{},2024-04-12 14:10:38.274366,
cac380ed-712b-48ca-8f08-d0ec052d1c02,,156.0,TransactionTypeEnum.DEPOSIT_MONEY,TransactionStatusEnum.COMPLETED,TransactionStatusEnum.COMPLETED,{},2024-04-12 14:10:38.262414,
5ea1a23c-3b10-4ddf-9243-08722dfb9de7,,100.0,TransactionTypeEnum.WITHDRAW_MONEY,TransactionStatusEnum.COMPLETED,TransactionStatusEnum.COMPLETED,{},2024-04-12 13:06:53.328110,
9333fcfe-81a1-49c6-8d99-e1f683cfbbff,,100.0,TransactionTypeEnum.WITHDRAW_MONEY,TransactionStatusEnum.COMPLETED,TransactionStatusEnum.COMPLETED,{},2024-04-12 12:46:44.244835,
9cb2c672-15c2-4b14-ba06-c3a8404afdb6,,-100.0,TransactionTypeEnum.JOIN_CONTEST,TransactionStatusEnum.COMPLETED,TransactionStatusEnum.COMPLETED,{'user_draft_id': '1000b231-59d9-4df9-a108-2b430a822f4b'},2024-04-12 11:29:31.215954,
fdc446ad-df03-453c-905a-e2ba2d27b96b,,-100.0,TransactionTypeEnum.JOIN_CONTEST,TransactionStatusEnum.COMPLETED,TransactionStatusEnum.COMPLETED,{'user_draft_id': '1000b231-59d9-4df9-a108-2b430a822f4b'},2024-04-12 11:26:21.111455,
481276f0-1957-470d-91b0-577448879b17,,-100.0,TransactionTypeEnum.JOIN_CONTEST,TransactionStatusEnum.COMPLETED,TransactionStatusEnum.COMPLETED,{'user_draft_id': '1000b231-59d9-4df9-a108-2b430a822f4b'},2024-04-12 11:25:26.301654,
580f40bb-b951-4708-b726-75e8e6536d86,,-50.0,TransactionTypeEnum.JOIN_CONTEST,TransactionStatusEnum.COMPLETED,TransactionStatusEnum.COMPLETED,{'user_draft_id': '9e22b8a9-f1c4-437d-83ab-52d3bf693846'},2024-04-12 11:11:06.480019,
4e8f9a0b-4d3e-4ca1-9595-1bb6b34ae893,,-50.0,TransactionTypeEnum.JOIN_CONTEST,TransactionStatusEnum.COMPLETED,TransactionStatusEnum.COMPLETED,{'user_draft_id': '9e22b8a9-f1c4-437d-83ab-52d3bf693846'},2024-04-12 11:10:47.449501,
3d357980-9d24-4d14-a515-f44f891109d1,,-50.0,TransactionTypeEnum.JOIN_CONTEST,TransactionStatusEnum.COMPLETED,TransactionStatusEnum.COMPLETED,{'user_draft_id': '9e22b8a9-f1c4-437d-83ab-52d3bf693846'},2024-04-12 11:10:29.637074,
fd52ed6a-04c1-4c29-ba27-f1a5bc082407,,22.0,TransactionTypeEnum.CASH_BONUS,TransactionStatusEnum.COMPLETED,TransactionStatusEnum.COMPLETED,{},2024-04-12 10:03:42.843711,
be226ed5-bbbe-4f0b-b31e-4e7b3f923263,,78.0,TransactionTypeEnum.DEPOSIT_MONEY,TransactionStatusEnum.COMPLETED,TransactionStatusEnum.COMPLETED,{},2024-04-12 10:03:21.423327,
df2c42ad-2141-49f3-89b4-4e7a7e9b22ce,,44.0,TransactionTypeEnum.CASH_BONUS,TransactionStatusEnum.COMPLETED,TransactionStatusEnum.COMPLETED,{},2024-04-12 07:35:49.236879,
b6602a3b-f01f-49d1-9903-f739e224f288,,156.0,TransactionTypeEnum.DEPOSIT_MONEY,TransactionStatusEnum.COMPLETED,TransactionStatusEnum.COMPLETED,{},2024-04-12 07:35:21.792326,
c7b73f1c-8e1b-4e2d-84e6-f4802b51c309,,100.0,TransactionTypeEnum.WITHDRAW_MONEY,TransactionStatusEnum.COMPLETED,TransactionStatusEnum.COMPLETED,{},2024-04-12 04:12:15.188979,
447e48a0-efc1-4ad3-aa17-bbaf6771567f,,-100.0,TransactionTypeEnum.JOIN_CONTEST,TransactionStatusEnum.COMPLETED,TransactionStatusEnum.COMPLETED,{'user_draft_id': '2b56dc65-4106-45c6-a059-59a3aef4f880'},2024-04-11 13:17:50.830494,
6c59fe7f-fe75-4a2b-873a-9e678ccdbdac,,-100.0,TransactionTypeEnum.JOIN_CONTEST,TransactionStatusEnum.COMPLETED,TransactionStatusEnum.COMPLETED,{'user_draft_id': '2b56dc65-4106-45c6-a059-59a3aef4f880'},2024-04-11 13:17:47.406200,
862229b6-fe72-4053-9544-f2eb686cab01,,-100.0,TransactionTypeEnum.JOIN_CONTEST,TransactionStatusEnum.COMPLETED,TransactionStatusEnum.COMPLETED,{'user_draft_id': '2b56dc65-4106-45c6-a059-59a3aef4f880'},2024-04-11 13:17:17.844134,
429ed67d-815e-459a-8c18-bfc72e13945b,,-50.0,TransactionTypeEnum.JOIN_CONTEST,TransactionStatusEnum.COMPLETED,TransactionStatusEnum.COMPLETED,{'user_draft_id': '25991dfa-4107-4b2c-8b74-61d019c8bc8a'},2024-04-11 12:54:42.524062,
68188e1c-5931-4409-aea9-b46868dd0d07,,-50.0,TransactionTypeEnum.JOIN_CONTEST,TransactionStatusEnum.COMPLETED,TransactionStatusEnum.COMPLETED,{'user_draft_id': '25991dfa-4107-4b2c-8b74-61d019c8bc8a'},2024-04-11 12:54:40.107388,
16b4be5f-f2aa-4c94-ad34-3db1a3f9bb7e,,-50.0,TransactionTypeEnum.JOIN_CONTEST,TransactionStatusEnum.COMPLETED,TransactionStatusEnum.COMPLETED,{'user_draft_id': '25991dfa-4107-4b2c-8b74-61d019c8bc8a'},2024-04-11 12:54:12.909523,
5debb547-74d5-4686-ade0-f1e0906d0b00,,-50.0,TransactionTypeEnum.JOIN_CONTEST,TransactionStatusEnum.COMPLETED,TransactionStatusEnum.COMPLETED,{'user_draft_id': '7fddd7f3-f8b0-453a-9455-b999bfed1166'},2024-04-11 12:38:01.703772,
b8bd9a40-e5a3-47c3-b2a8-41b9804dad26,,-50.0,TransactionTypeEnum.JOIN_CONTEST,TransactionStatusEnum.COMPLETED,TransactionStatusEnum.COMPLETED,{'user_draft_id': '7fddd7f3-f8b0-453a-9455-b999bfed1166'},2024-04-11 12:37:47.788992,
c269dbcd-f505-411c-9bf4-9e76adc6153d,,-50.0,TransactionTypeEnum.JOIN_CONTEST,TransactionStatusEnum.COMPLETED,TransactionStatusEnum.COMPLETED,{'user_draft_id': '7fddd7f3-f8b0-453a-9455-b999bfed1166'},2024-04-11 12:37:41.968227,
34543928-c984-4fb8-a8d6-d8123262282d,,-50.0,TransactionTypeEnum.JOIN_CONTEST,TransactionStatusEnum.COMPLETED,TransactionStatusEnum.COMPLETED,{'user_draft_id': '7fddd7f3-f8b0-453a-9455-b999bfed1166'},2024-04-11 12:37:22.222861,
77e73a22-7dac-4e35-8b94-b2850057f38f,,180.0,TransactionTypeEnum.WON_MONEY,TransactionStatusEnum.COMPLETED,TransactionStatusEnum.COMPLETED,{'user_draft_id': '0d283e75-ae34-48b6-862d-dfe4ea50701b'},2024-04-11 12:01:52.459462,
a3658b84-93be-411d-9855-ab33156ae313,,90.0,TransactionTypeEnum.WON_MONEY,TransactionStatusEnum.COMPLETED,TransactionStatusEnum.COMPLETED,{'user_draft_id': '842df056-6d35-4cc5-bd21-2a1cb7920226'},2024-04-11 12:01:42.668700,
5552bf0f-4ed2-4752-8c3f-f13451851407,,270.0,TransactionTypeEnum.WON_MONEY,TransactionStatusEnum.COMPLETED,TransactionStatusEnum.COMPLETED,{'user_draft_id': '5d383c11-043c-4d73-87b3-ea2053890e2c'},2024-04-11 12:01:30.661096,
36493649-12d6-43c1-a5c0-7faa1fc28be9,,108.0,TransactionTypeEnum.WON_MONEY,TransactionStatusEnum.COMPLETED,TransactionStatusEnum.COMPLETED,{'user_draft_id': '9a48f5ad-001e-4d56-9bda-e328b56ae5a3'},2024-04-11 12:01:19.025638,
de222b8e-18f6-4c7c-af36-4d1b9b21eeb0,,252.0,TransactionTypeEnum.WON_MONEY,TransactionStatusEnum.COMPLETED,TransactionStatusEnum.COMPLETED,{'user_draft_id': '9a48f5ad-001e-4d56-9bda-e328b56ae5a3'},2024-04-11 12:01:15.957113,
eb7d64dc-9444-4864-ab49-fd8e442a38d9,,108.0,TransactionTypeEnum.WON_MONEY,TransactionStatusEnum.COMPLETED,TransactionStatusEnum.COMPLETED,{'user_draft_id': '52fa6abc-576c-459f-92ee-def7b5ab1c34'},2024-04-11 12:01:05.333370,
1eb68edd-22dc-4b1c-8eeb-ac058f2d67ae,,252.0,TransactionTypeEnum.WON_MONEY,TransactionStatusEnum.COMPLETED,TransactionStatusEnum.COMPLETED,{'user_draft_id': '52fa6abc-576c-459f-92ee-def7b5ab1c34'},2024-04-11 12:01:00.251206,
f2ea0d84-ac47-48c3-a910-a4756596aba3,,-50.0,TransactionTypeEnum.JOIN_CONTEST,TransactionStatusEnum.COMPLETED,TransactionStatusEnum.COMPLETED,{'user_draft_id': 'a0db5773-0c01-42d4-8448-60f78be9ec14'},2024-04-11 07:48:14.480951,
438bc937-51a2-4efd-89d8-16c560af21ee,,-50.0,TransactionTypeEnum.JOIN_CONTEST,TransactionStatusEnum.COMPLETED,TransactionStatusEnum.COMPLETED,{'user_draft_id': 'a0db5773-0c01-42d4-8448-60f78be9ec14'},2024-04-11 07:47:30.602939,
ee05c408-59ac-4add-8877-e36230c009ac,,-50.0,TransactionTypeEnum.JOIN_CONTEST,TransactionStatusEnum.COMPLETED,TransactionStatusEnum.COMPLETED,{'user_draft_id': 'a0db5773-0c01-42d4-8448-60f78be9ec14'},2024-04-11 07:47:11.917953,
6d9ac66f-cdf4-4899-8008-dac94950acf1,,-50.0,TransactionTypeEnum.JOIN_CONTEST,TransactionStatusEnum.COMPLETED,TransactionStatusEnum.COMPLETED,{'user_draft_id': 'a0db5773-0c01-42d4-8448-60f78be9ec14'},2024-04-11 07:46:56.353184,
d7ba42a2-3e7a-420d-b4bc-a5a0efee20a2,,109.0,TransactionTypeEnum.CASH_BONUS,TransactionStatusEnum.COMPLETED,TransactionStatusEnum.COMPLETED,{},2024-04-11 07:31:05.429969,
3829a305-aad3-4cc4-aafe-54486342e6c5,,391.0,TransactionTypeEnum.DEPOSIT_MONEY,TransactionStatusEnum.COMPLETED,TransactionStatusEnum.COMPLETED,{},2024-04-11 07:31:05.426153,
0ac78792-e34a-4fea-aafd-94568e09e59e,,4.0,TransactionTypeEnum.CASH_BONUS,TransactionStatusEnum.COMPLETED,TransactionStatusEnum.COMPLETED,{},2024-04-11 07:18:27.603743,
8ad98625-d3f9-491b-bbd1-0a5ab0f4aa34,,16.0,TransactionTypeEnum.DEPOSIT_MONEY,TransactionStatusEnum.COMPLETED,TransactionStatusEnum.COMPLETED,{},2024-04-11 07:16:43.526931,
c2be6ad9-b27f-49db-bd0f-69327e4b82bb,,44.0,TransactionTypeEnum.CASH_BONUS,TransactionStatusEnum.COMPLETED,TransactionStatusEnum.COMPLETED,{},2024-04-11 07:16:35.388445,
7f3a7870-76bc-405a-a361-ae9f876fdb1e,,156.0,TransactionTypeEnum.DEPOSIT_MONEY,TransactionStatusEnum.COMPLETED,TransactionStatusEnum.COMPLETED,{},2024-04-11 07:15:40.926205,
2a4ad0f7-0d8e-45b3-bb17-d7da37d2464d,,500.0,TransactionTypeEnum.WITHDRAW_MONEY,TransactionStatusEnum.COMPLETED,TransactionStatusEnum.COMPLETED,{},2024-04-11 04:57:20.477820,
84cb24d1-ed79-4b7e-abc8-4ea107702703,,-50.0,TransactionTypeEnum.JOIN_CONTEST,TransactionStatusEnum.COMPLETED,TransactionStatusEnum.COMPLETED,{'user_draft_id': '3d8f7589-e244-4d9c-9fca-870e7e30248e'},2024-04-10 13:22:20.464848,
c483a1cc-1162-4939-8c33-881e1894ae97,,-50.0,TransactionTypeEnum.JOIN_CONTEST,TransactionStatusEnum.COMPLETED,TransactionStatusEnum.COMPLETED,{'user_draft_id': '3d8f7589-e244-4d9c-9fca-870e7e30248e'},2024-04-10 13:22:11.666472,
c825027b-5149-46fc-bea2-d36f162d8402,,-50.0,TransactionTypeEnum.JOIN_CONTEST,TransactionStatusEnum.COMPLETED,TransactionStatusEnum.COMPLETED,{'user_draft_id': '3d8f7589-e244-4d9c-9fca-870e7e30248e'},2024-04-10 13:22:05.408302,
ea957d2a-5c90-4ec8-b373-1ccd987a91cd,,-50.0,TransactionTypeEnum.JOIN_CONTEST,TransactionStatusEnum.COMPLETED,TransactionStatusEnum.COMPLETED,{'user_draft_id': '3d8f7589-e244-4d9c-9fca-870e7e30248e'},2024-04-10 13:21:18.824865,
d8ea4033-3320-464c-b269-4c55a1323f06,,-50.0,TransactionTypeEnum.JOIN_CONTEST,TransactionStatusEnum.COMPLETED,TransactionStatusEnum.COMPLETED,{'user_draft_id': '3d8f7589-e244-4d9c-9fca-870e7e30248e'},2024-04-10 13:21:00.489777,
fee99cbc-64d0-44ac-ad6e-fa607b41c877,,2188.0,TransactionTypeEnum.CASH_BONUS,TransactionStatusEnum.COMPLETED,TransactionStatusEnum.COMPLETED,{},2024-04-10 13:09:28.092525,
4d46cf3f-e53b-4fd0-a48f-355cc726a7bb,,7812.0,TransactionTypeEnum.DEPOSIT_MONEY,TransactionStatusEnum.COMPLETED,TransactionStatusEnum.COMPLETED,{},2024-04-10 13:09:28.087812,
86035944-701f-4f8c-94be-d7538891bee7,,135.0,TransactionTypeEnum.WON_MONEY,TransactionStatusEnum.COMPLETED,TransactionStatusEnum.COMPLETED,{'user_draft_id': 'fdff26be-c84c-4588-8b82-cde29bae99dd'},2024-04-10 12:07:36.981660,
f45280e6-d9f5-4ea6-a36f-056e12af91d7,,270.0,TransactionTypeEnum.WON_MONEY,TransactionStatusEnum.COMPLETED,TransactionStatusEnum.COMPLETED,{'user_draft_id': '44c9540d-6afd-48b1-a719-95aba931efc8'},2024-04-10 12:07:26.929258,
ba23d3c0-3dd2-400c-9c59-730b0777f722,,90.0,TransactionTypeEnum.WON_MONEY,TransactionStatusEnum.COMPLETED,TransactionStatusEnum.COMPLETED,{'user_draft_id': 'e1a1d055-234f-40eb-a2ac-3614781930ab'},2024-04-10 12:07:19.820260,
b8842588-17cf-4d63-9d7c-9b266578033f,,109.0,TransactionTypeEnum.CASH_BONUS,TransactionStatusEnum.COMPLETED,TransactionStatusEnum.COMPLETED,{},2024-04-10 10:37:39.335335,
817d7d57-44e2-49fe-95ec-ac6503d6d3c6,,391.0,TransactionTypeEnum.DEPOSIT_MONEY,TransactionStatusEnum.COMPLETED,TransactionStatusEnum.COMPLETED,{},2024-04-10 10:35:05.216345,
0d349bf2-1682-4db5-bdb7-0b2c88a52a45,,-50.0,TransactionTypeEnum.JOIN_CONTEST,TransactionStatusEnum.COMPLETED,TransactionStatusEnum.COMPLETED,{'user_draft_id': 'e2996022-4877-4446-b841-e97c0d268a1b'},2024-04-10 10:22:41.375140,
f2c47806-c9bd-49b1-ad67-2154a8506d60,,-50.0,TransactionTypeEnum.JOIN_CONTEST,TransactionStatusEnum.COMPLETED,TransactionStatusEnum.COMPLETED,{'user_draft_id': 'e2996022-4877-4446-b841-e97c0d268a1b'},2024-04-10 10:22:22.996928,
6d776144-3a53-4a9a-b7e6-63b51656a8df,,50.0,TransactionTypeEnum.CANCELLED_CONTEST,TransactionStatusEnum.COMPLETED,TransactionStatusEnum.COMPLETED,{'user_draft_id': 'a33c4c12-c1cd-446a-acca-4a1ab42320fd'},2024-04-10 09:30:20.094776,
3492ebf8-7ab1-4919-8b28-2cf3593eff6a,,-50.0,TransactionTypeEnum.JOIN_CONTEST,TransactionStatusEnum.COMPLETED,TransactionStatusEnum.COMPLETED,{'user_draft_id': 'a33c4c12-c1cd-446a-acca-4a1ab42320fd'},2024-04-10 08:24:23.704782,
3399dbe5-5c82-4833-a92a-36901df5831c,,50.0,TransactionTypeEnum.CANCELLED_CONTEST,TransactionStatusEnum.COMPLETED,TransactionStatusEnum.COMPLETED,{'user_draft_id': '8348abc0-eabc-47d6-9cc1-9b780272c1ab'},2024-04-10 08:19:09.411866,
a8250be2-dd30-48b2-a388-01f58a30d121,,-50.0,TransactionTypeEnum.JOIN_CONTEST,TransactionStatusEnum.COMPLETED,TransactionStatusEnum.COMPLETED,{'user_draft_id': '8348abc0-eabc-47d6-9cc1-9b780272c1ab'},2024-04-10 08:08:19.132103,
1522a370-f2dc-4a6e-b63c-4fa2e583aeaf,,20.0,TransactionTypeEnum.CANCELLED_CONTEST,TransactionStatusEnum.COMPLETED,TransactionStatusEnum.COMPLETED,{'user_draft_id': '0b95ded0-fa71-4e6c-9bc3-cff8dbed1765'},2024-04-10 08:02:09.508788,
a31499bf-d4db-4ffc-8973-465c0918e6ec,,-20.0,TransactionTypeEnum.JOIN_CONTEST,TransactionStatusEnum.COMPLETED,TransactionStatusEnum.COMPLETED,{'user_draft_id': '0b95ded0-fa71-4e6c-9bc3-cff8dbed1765'},2024-04-10 07:52:04.858193,
cda27f66-6f73-4950-9482-ab023bc0475c,,20.0,TransactionTypeEnum.CANCELLED_CONTEST,TransactionStatusEnum.COMPLETED,TransactionStatusEnum.COMPLETED,{'user_draft_id': '1eecf3e3-d5d3-4bba-a95a-83b478c3eb82'},2024-04-10 07:45:09.932293,
ff92c883-909c-4bd7-b8a0-2bb87adc04be,,-20.0,TransactionTypeEnum.JOIN_CONTEST,TransactionStatusEnum.COMPLETED,TransactionStatusEnum.COMPLETED,{'user_draft_id': '1eecf3e3-d5d3-4bba-a95a-83b478c3eb82'},2024-04-10 07:34:15.745702,
8e110ff9-7fa9-40cd-8fc6-1d5d44836cf9,,100.0,TransactionTypeEnum.WITHDRAW_MONEY,TransactionStatusEnum.COMPLETED,TransactionStatusEnum.COMPLETED,{},2024-04-10 06:52:05.057016,
9852899f-c5d4-442c-8029-33bc423f9ffd,,106.0,TransactionTypeEnum.WITHDRAW_MONEY,TransactionStatusEnum.COMPLETED,TransactionStatusEnum.COMPLETED,{},2024-04-10 06:42:02.344696,
9c0bc47a-6963-4ab1-84a2-5ed3372538a9,,-50.0,TransactionTypeEnum.JOIN_CONTEST,TransactionStatusEnum.COMPLETED,TransactionStatusEnum.COMPLETED,{'user_draft_id': '23b8794d-85ae-482f-bde7-49a023651078'},2024-04-09 13:18:16.776462,
8f28e60a-9f45-4a0c-a1f4-9004b5dd29e2,,-50.0,TransactionTypeEnum.JOIN_CONTEST,TransactionStatusEnum.COMPLETED,TransactionStatusEnum.COMPLETED,{'user_draft_id': '23b8794d-85ae-482f-bde7-49a023651078'},2024-04-09 13:18:15.606537,
c64ec241-875b-4539-b92d-8baac992d427,,-50.0,TransactionTypeEnum.JOIN_CONTEST,TransactionStatusEnum.COMPLETED,TransactionStatusEnum.COMPLETED,{'user_draft_id': '23b8794d-85ae-482f-bde7-49a023651078'},2024-04-09 13:18:00.577489,
ef3db5f6-8583-4298-8095-93ccb3920178,,-50.0,TransactionTypeEnum.JOIN_CONTEST,TransactionStatusEnum.COMPLETED,TransactionStatusEnum.COMPLETED,{'user_draft_id': '23b8794d-85ae-482f-bde7-49a023651078'},2024-04-09 13:17:03.759698,
8bde759e-f0dc-46d1-9c00-3370216e0605,,135.0,TransactionTypeEnum.WON_MONEY,TransactionStatusEnum.COMPLETED,TransactionStatusEnum.COMPLETED,{'user_draft_id': '07e6fa11-3b56-4a37-91ff-5284d7e0e590'},2024-04-08 13:20:07.331370,
f3b49572-3502-4eb5-b234-83f3c4ee94f3,,270.0,TransactionTypeEnum.WON_MONEY,TransactionStatusEnum.COMPLETED,TransactionStatusEnum.COMPLETED,{'user_draft_id': '26a2418e-d49c-40e9-a057-654a54cc1e39'},2024-04-08 13:19:57.287165,
9ef90b95-c277-48a1-b109-256154123caa,,-100.0,TransactionTypeEnum.JOIN_CONTEST,TransactionStatusEnum.COMPLETED,TransactionStatusEnum.COMPLETED,{'user_draft_id': '65351097-b767-4c4b-9644-7b28811d28d6'},2024-04-08 10:36:29.624339,
b267c42b-d0ff-4f7d-a7b3-8acd57ae53e7,,-100.0,TransactionTypeEnum.JOIN_CONTEST,TransactionStatusEnum.COMPLETED,TransactionStatusEnum.COMPLETED,{'user_draft_id': '65351097-b767-4c4b-9644-7b28811d28d6'},2024-04-08 10:36:08.922491,
1efbfa9b-8cc9-40c7-ad05-25d6f440cdbc,,-100.0,TransactionTypeEnum.JOIN_CONTEST,TransactionStatusEnum.COMPLETED,TransactionStatusEnum.COMPLETED,{'user_draft_id': '65351097-b767-4c4b-9644-7b28811d28d6'},2024-04-08 10:35:53.308133,
7331b47b-0999-465d-938d-5c5b67b5bf40,,-100.0,TransactionTypeEnum.JOIN_CONTEST,TransactionStatusEnum.COMPLETED,TransactionStatusEnum.COMPLETED,{'user_draft_id': '65351097-b767-4c4b-9644-7b28811d28d6'},2024-04-08 10:35:19.288160,
ed49da92-8b27-448b-8ea9-fa34620551d0,,100.0,TransactionTypeEnum.CANCELLED_CONTEST,TransactionStatusEnum.COMPLETED,TransactionStatusEnum.COMPLETED,{'user_draft_id': '3799f7b1-62e2-481f-9398-56d12d736947'},2024-04-08 10:34:09.807435,
c5062308-493d-4203-84e1-09d138f399fb,,-100.0,TransactionTypeEnum.JOIN_CONTEST,TransactionStatusEnum.COMPLETED,TransactionStatusEnum.COMPLETED,{'user_draft_id': '3799f7b1-62e2-481f-9398-56d12d736947'},2024-04-08 10:34:05.714408,
686253e4-5e2b-47dd-a823-0543f0b52872,,500.0,TransactionTypeEnum.CANCELLED_CONTEST,TransactionStatusEnum.COMPLETED,TransactionStatusEnum.COMPLETED,{'user_draft_id': 'ef9efd5a-a203-4b97-8d23-304ec1f257f2'},2024-04-08 10:32:09.630138,
d1804a4c-35d5-4f4d-831f-1ff22e516e4a,,-500.0,TransactionTypeEnum.JOIN_CONTEST,TransactionStatusEnum.COMPLETED,TransactionStatusEnum.COMPLETED,{'user_draft_id': 'ef9efd5a-a203-4b97-8d23-304ec1f257f2'},2024-04-08 10:31:57.390212,
0d30b887-cc5b-4130-9692-808f6a7717ce,,-100.0,TransactionTypeEnum.JOIN_CONTEST,TransactionStatusEnum.COMPLETED,TransactionStatusEnum.COMPLETED,{'user_draft_id': '52fa6abc-576c-459f-92ee-def7b5ab1c34'},2024-04-08 10:16:14.885277,
4072a8b3-98bd-4a94-922b-f09d48e571ba,,-100.0,TransactionTypeEnum.JOIN_CONTEST,TransactionStatusEnum.COMPLETED,TransactionStatusEnum.COMPLETED,{'user_draft_id': '52fa6abc-576c-459f-92ee-def7b5ab1c34'},2024-04-08 10:15:56.607689,
6fc7215d-07b7-4765-b49f-e8e37fc0efe4,,-100.0,TransactionTypeEnum.JOIN_CONTEST,TransactionStatusEnum.COMPLETED,TransactionStatusEnum.COMPLETED,{'user_draft_id': '52fa6abc-576c-459f-92ee-def7b5ab1c34'},2024-04-08 10:15:53.728035,
1f51fbe8-32f6-403c-a852-daf51563ec58,,-100.0,TransactionTypeEnum.JOIN_CONTEST,TransactionStatusEnum.COMPLETED,TransactionStatusEnum.COMPLETED,{'user_draft_id': '52fa6abc-576c-459f-92ee-def7b5ab1c34'},2024-04-08 10:15:31.500356,
09c243a2-e576-46da-a5fa-75a3bc8b55f8,,-100.0,TransactionTypeEnum.JOIN_CONTEST,TransactionStatusEnum.COMPLETED,TransactionStatusEnum.COMPLETED,{'user_draft_id': '9a48f5ad-001e-4d56-9bda-e328b56ae5a3'},2024-04-08 09:56:11.661703,
35d010b3-e7d0-4d09-a580-2dc123415d2d,,-100.0,TransactionTypeEnum.JOIN_CONTEST,TransactionStatusEnum.COMPLETED,TransactionStatusEnum.COMPLETED,{'user_draft_id': '9a48f5ad-001e-4d56-9bda-e328b56ae5a3'},2024-04-08 09:56:03.138466,
705dd218-d700-48c7-ac00-ace0be5053ac,,-100.0,TransactionTypeEnum.JOIN_CONTEST,TransactionStatusEnum.COMPLETED,TransactionStatusEnum.COMPLETED,{'user_draft_id': '9a48f5ad-001e-4d56-9bda-e328b56ae5a3'},2024-04-08 09:54:56.680535,
1e81d685-c85f-4a91-a691-e106a9932f7e,,-100.0,TransactionTypeEnum.JOIN_CONTEST,TransactionStatusEnum.COMPLETED,TransactionStatusEnum.COMPLETED,{'user_draft_id': '9a48f5ad-001e-4d56-9bda-e328b56ae5a3'},2024-04-08 09:54:33.064913,
619871a3-0754-4126-8e28-e4bd7bc046c4,,2188.0,TransactionTypeEnum.CASH_BONUS,TransactionStatusEnum.COMPLETED,TransactionStatusEnum.COMPLETED,{},2024-04-08 09:50:55.901408,
47944dd0-1c41-4153-a2cf-7fd6aebd4977,,7812.0,TransactionTypeEnum.DEPOSIT_MONEY,TransactionStatusEnum.COMPLETED,TransactionStatusEnum.COMPLETED,{},2024-04-08 09:50:12.586782,
1efbd9d7-363e-4b37-a7f8-a4b09c82c5fb,,219.0,TransactionTypeEnum.CASH_BONUS,TransactionStatusEnum.COMPLETED,TransactionStatusEnum.COMPLETED,{},2024-04-08 09:43:44.940071,
04bc7082-2ed7-4bda-8c16-2b8f78a5d2e4,,781.0,TransactionTypeEnum.DEPOSIT_MONEY,TransactionStatusEnum.COMPLETED,TransactionStatusEnum.COMPLETED,{},2024-04-08 09:43:44.936077,
09895d3b-c072-4a8b-97b3-768cf6fbc28f,,-20.0,TransactionTypeEnum.JOIN_CONTEST,TransactionStatusEnum.COMPLETED,TransactionStatusEnum.COMPLETED,{'user_draft_id': '2e5480b6-895c-4b93-a25e-be05177fc59a'},2024-04-08 07:36:50.330145,
eadd2fca-a1bd-4e92-9b82-357cedd77707,,-20.0,TransactionTypeEnum.JOIN_CONTEST,TransactionStatusEnum.COMPLETED,TransactionStatusEnum.COMPLETED,{'user_draft_id': '2e5480b6-895c-4b93-a25e-be05177fc59a'},2024-04-08 07:36:26.436231,
8eccd361-5cae-4fa2-ac0a-3af79e817c15,,44.0,TransactionTypeEnum.CASH_BONUS,TransactionStatusEnum.COMPLETED,TransactionStatusEnum.COMPLETED,{},2024-04-08 07:35:34.068174,
8d2196c5-030e-48c7-bdb7-67d67a9752e7,,156.0,TransactionTypeEnum.DEPOSIT_MONEY,TransactionStatusEnum.COMPLETED,TransactionStatusEnum.COMPLETED,{},2024-04-08 07:35:34.064332,
5cb1ba76-493a-4204-8183-5b9dacb627ec,,50.0,TransactionTypeEnum.CANCELLED_CONTEST,TransactionStatusEnum.COMPLETED,TransactionStatusEnum.COMPLETED,{'user_draft_id': '98afc613-0de5-4a8e-a455-a5e89e82e63b'},2024-04-08 07:31:12.607211,
b1db4952-f396-4419-af94-c404e3cfaf3a,,50.0,TransactionTypeEnum.CANCELLED_CONTEST,TransactionStatusEnum.COMPLETED,TransactionStatusEnum.COMPLETED,{'user_draft_id': '98afc613-0de5-4a8e-a455-a5e89e82e63b'},2024-04-08 07:31:09.704560,
9cd1d250-819f-4b9c-9d37-5a1fa53d0387,,-50.0,TransactionTypeEnum.JOIN_CONTEST,TransactionStatusEnum.COMPLETED,TransactionStatusEnum.COMPLETED,{'user_draft_id': '98afc613-0de5-4a8e-a455-a5e89e82e63b'},2024-04-08 07:24:50.849409,
477df135-304b-46cf-89c4-1baa6fa426dc,,20.0,TransactionTypeEnum.CANCELLED_CONTEST,TransactionStatusEnum.COMPLETED,TransactionStatusEnum.COMPLETED,{'user_draft_id': '4a01271c-c634-4f7f-a847-550fb6324a4c'},2024-04-08 07:20:20.351993,
5fdb6b44-733d-408e-a81e-079f919e77c6,,-50.0,TransactionTypeEnum.JOIN_CONTEST,TransactionStatusEnum.COMPLETED,TransactionStatusEnum.COMPLETED,{'user_draft_id': '98afc613-0de5-4a8e-a455-a5e89e82e63b'},2024-04-08 07:20:16.113660,
b400fc28-07f7-4cea-b081-39c4c8aeea66,,-100.0,TransactionTypeEnum.JOIN_CONTEST,TransactionStatusEnum.COMPLETED,TransactionStatusEnum.COMPLETED,{'user_draft_id': '5d383c11-043c-4d73-87b3-ea2053890e2c'},2024-04-08 07:09:12.140345,
5d1e3e75-d97b-4aab-ae72-b15f1c4a091c,,-100.0,TransactionTypeEnum.JOIN_CONTEST,TransactionStatusEnum.COMPLETED,TransactionStatusEnum.COMPLETED,{'user_draft_id': '5d383c11-043c-4d73-87b3-ea2053890e2c'},2024-04-08 07:08:40.787379,
d835f981-dd03-40d5-a840-9dcb101a5cf6,,-100.0,TransactionTypeEnum.JOIN_CONTEST,TransactionStatusEnum.COMPLETED,TransactionStatusEnum.COMPLETED,{'user_draft_id': '5d383c11-043c-4d73-87b3-ea2053890e2c'},2024-04-08 07:00:35.182717,
e9858246-3668-457e-a850-5400f92ac502,,-20.0,TransactionTypeEnum.JOIN_CONTEST,TransactionStatusEnum.COMPLETED,TransactionStatusEnum.COMPLETED,{'user_draft_id': '4a01271c-c634-4f7f-a847-550fb6324a4c'},2024-04-08 06:15:06.949740,
4181b5e4-e9a3-462b-841a-ed81df99c277,,44.0,TransactionTypeEnum.CASH_BONUS,TransactionStatusEnum.COMPLETED,TransactionStatusEnum.COMPLETED,{},2024-04-08 06:13:30.060007,
be11b5b1-169a-4b76-8257-ed12dbb98d3a,,156.0,TransactionTypeEnum.DEPOSIT_MONEY,TransactionStatusEnum.COMPLETED,TransactionStatusEnum.COMPLETED,{},2024-04-08 06:13:30.052486,
cd80dad1-7828-4ad5-82ee-f32de57e587b,,-50.0,TransactionTypeEnum.JOIN_CONTEST,TransactionStatusEnum.COMPLETED,TransactionStatusEnum.COMPLETED,{'user_draft_id': '842df056-6d35-4cc5-bd21-2a1cb7920226'},2024-04-08 06:12:27.743069,
6a72ac36-4063-42a6-ac0e-f9870a41b284,,-50.0,TransactionTypeEnum.JOIN_CONTEST,TransactionStatusEnum.COMPLETED,TransactionStatusEnum.COMPLETED,{'user_draft_id': '842df056-6d35-4cc5-bd21-2a1cb7920226'},2024-04-08 06:08:24.535104,
a7041e2b-5ab2-42d3-bb71-08eeebb5f036,,-100.0,TransactionTypeEnum.JOIN_CONTEST,TransactionStatusEnum.COMPLETED,TransactionStatusEnum.COMPLETED,{'user_draft_id': '0d283e75-ae34-48b6-862d-dfe4ea50701b'},2024-04-08 05:57:15.609717,
a6ea5abc-fea9-47ad-b945-40be69c90184,,-100.0,TransactionTypeEnum.JOIN_CONTEST,TransactionStatusEnum.COMPLETED,TransactionStatusEnum.COMPLETED,{'user_draft_id': '0d283e75-ae34-48b6-862d-dfe4ea50701b'},2024-04-08 05:56:43.837661,
1377b2c8-acba-408c-bbe5-329c0cd30f97,,2188.0,TransactionTypeEnum.CASH_BONUS,TransactionStatusEnum.COMPLETED,TransactionStatusEnum.COMPLETED,{},2024-04-08 05:52:09.910437,
ed10bb0b-7584-4a8d-ae4f-be10f428904e,,7812.0,TransactionTypeEnum.DEPOSIT_MONEY,TransactionStatusEnum.COMPLETED,TransactionStatusEnum.COMPLETED,{},2024-04-08 05:51:54.391730,
7365cdd0-3e2b-42ca-b853-be8710b758db,,219.0,TransactionTypeEnum.CASH_BONUS,TransactionStatusEnum.COMPLETED,TransactionStatusEnum.COMPLETED,{},2024-04-08 05:51:47.561821,
c800aadf-8f5d-42fd-92e8-0fdc46187ae4,,781.0,TransactionTypeEnum.DEPOSIT_MONEY,TransactionStatusEnum.COMPLETED,TransactionStatusEnum.COMPLETED,{},2024-04-08 05:49:36.400030,
0255bf24-bf30-4e19-bf30-6095099a6df4,,-50.0,TransactionTypeEnum.JOIN_CONTEST,TransactionStatusEnum.COMPLETED,TransactionStatusEnum.COMPLETED,{'user_draft_id': 'e1a1d055-234f-40eb-a2ac-3614781930ab'},2024-04-05 13:13:07.894568,
cbcdeb9d-f523-4a0e-af8b-2ee868718ba9,,-50.0,TransactionTypeEnum.JOIN_CONTEST,TransactionStatusEnum.COMPLETED,TransactionStatusEnum.COMPLETED,{'user_draft_id': 'e1a1d055-234f-40eb-a2ac-3614781930ab'},2024-04-05 13:11:29.044037,
b256b202-7b69-499a-bc68-df73cab4334a,,-100.0,TransactionTypeEnum.JOIN_CONTEST,TransactionStatusEnum.COMPLETED,TransactionStatusEnum.COMPLETED,{'user_draft_id': '44c9540d-6afd-48b1-a719-95aba931efc8'},2024-04-05 12:38:27.996855,
bb14acee-48af-4e07-b7d1-fe6d91e2e97e,,-100.0,TransactionTypeEnum.JOIN_CONTEST,TransactionStatusEnum.COMPLETED,TransactionStatusEnum.COMPLETED,{'user_draft_id': '44c9540d-6afd-48b1-a719-95aba931efc8'},2024-04-05 12:36:35.565788,
433a1c98-a772-4f10-afb2-814bf34ebf2e,,-100.0,TransactionTypeEnum.JOIN_CONTEST,TransactionStatusEnum.COMPLETED,TransactionStatusEnum.COMPLETED,{'user_draft_id': '44c9540d-6afd-48b1-a719-95aba931efc8'},2024-04-05 12:34:06.494941,
dd906110-3f91-4aed-a136-69c9e0247e71,,-50.0,TransactionTypeEnum.JOIN_CONTEST,TransactionStatusEnum.COMPLETED,TransactionStatusEnum.COMPLETED,{'user_draft_id': 'fdff26be-c84c-4588-8b82-cde29bae99dd'},2024-04-05 12:17:21.978561,
abf66bed-d312-4e2f-9952-3e081be4e29f,,-50.0,TransactionTypeEnum.JOIN_CONTEST,TransactionStatusEnum.COMPLETED,TransactionStatusEnum.COMPLETED,{'user_draft_id': 'fdff26be-c84c-4588-8b82-cde29bae99dd'},2024-04-05 12:15:14.125389,
8d2d02df-3d5a-4665-9921-e5ba1e169774,,-50.0,TransactionTypeEnum.JOIN_CONTEST,TransactionStatusEnum.COMPLETED,TransactionStatusEnum.COMPLETED,{'user_draft_id': 'fdff26be-c84c-4588-8b82-cde29bae99dd'},2024-04-05 12:11:42.853441,
7875261b-41bc-4928-bb61-e8c0430c8358,,36.0,TransactionTypeEnum.WON_MONEY,TransactionStatusEnum.COMPLETED,TransactionStatusEnum.COMPLETED,{'user_draft_id': 'a3a3cb29-30eb-4044-89b3-45c273e61a2a'},2024-04-05 12:03:28.388830,
1d7aa927-ae54-42d7-8785-2399b5dd3b97,,-100.0,TransactionTypeEnum.JOIN_CONTEST,TransactionStatusEnum.COMPLETED,TransactionStatusEnum.COMPLETED,{'user_draft_id': '26a2418e-d49c-40e9-a057-654a54cc1e39'},2024-04-05 11:56:32.973188,
d9d7c938-90bc-4242-8d20-383e5abc655d,,-100.0,TransactionTypeEnum.JOIN_CONTEST,TransactionStatusEnum.COMPLETED,TransactionStatusEnum.COMPLETED,{'user_draft_id': '26a2418e-d49c-40e9-a057-654a54cc1e39'},2024-04-05 11:50:09.633883,
5ad950f6-3e59-469e-b6f7-24f86f8f70d1,,-100.0,TransactionTypeEnum.JOIN_CONTEST,TransactionStatusEnum.COMPLETED,TransactionStatusEnum.COMPLETED,{'user_draft_id': '26a2418e-d49c-40e9-a057-654a54cc1e39'},2024-04-05 11:49:48.865107,
a04a5d6e-4d4d-4271-9ff8-6202547018f2,,100.0,TransactionTypeEnum.CANCELLED_CONTEST,TransactionStatusEnum.COMPLETED,TransactionStatusEnum.COMPLETED,{'user_draft_id': '83fc5a3e-66b8-411d-b314-4cb9786f27e2'},2024-04-05 11:49:12.575112,
ce864069-95a0-40a5-b477-c1d6c92abf07,,100.0,TransactionTypeEnum.CANCELLED_CONTEST,TransactionStatusEnum.COMPLETED,TransactionStatusEnum.COMPLETED,{'user_draft_id': '83fc5a3e-66b8-411d-b314-4cb9786f27e2'},2024-04-05 11:49:09.531254,
0eb8b961-304f-4e77-b0a7-0461277f7af5,,-100.0,TransactionTypeEnum.JOIN_CONTEST,TransactionStatusEnum.COMPLETED,TransactionStatusEnum.COMPLETED,{'user_draft_id': '83fc5a3e-66b8-411d-b314-4cb9786f27e2'},2024-04-05 11:44:04.391170,
da79c3ad-c556-4e1d-9f64-155c75426a1f,,-100.0,TransactionTypeEnum.JOIN_CONTEST,TransactionStatusEnum.COMPLETED,TransactionStatusEnum.COMPLETED,{'user_draft_id': '83fc5a3e-66b8-411d-b314-4cb9786f27e2'},2024-04-05 11:36:55.098011,
d6a2fb64-46ec-4ec9-b585-ecee4bf604ba,,219.0,TransactionTypeEnum.CASH_BONUS,TransactionStatusEnum.COMPLETED,TransactionStatusEnum.COMPLETED,{},2024-04-05 11:34:50.543426,
52690fb0-6073-45ae-a1ed-9f30820bf8a7,,781.0,TransactionTypeEnum.DEPOSIT_MONEY,TransactionStatusEnum.COMPLETED,TransactionStatusEnum.COMPLETED,{},2024-04-05 11:33:44.491446,
a3c36c0f-275e-4df7-b4ff-53baf243c74a,,219.0,TransactionTypeEnum.CASH_BONUS,TransactionStatusEnum.COMPLETED,TransactionStatusEnum.COMPLETED,{},2024-04-05 11:33:38.448460,
20d06a8c-360f-42d9-accf-b09feb9b9a1e,,781.0,TransactionTypeEnum.DEPOSIT_MONEY,TransactionStatusEnum.COMPLETED,TransactionStatusEnum.COMPLETED,{},2024-04-05 11:31:32.052461,
b44a7e63-422a-4526-8e4c-6ae78a6274dd,,-50.0,TransactionTypeEnum.JOIN_CONTEST,TransactionStatusEnum.COMPLETED,TransactionStatusEnum.COMPLETED,{'user_draft_id': '07e6fa11-3b56-4a37-91ff-5284d7e0e590'},2024-04-05 11:22:38.034263,
fe44e5ca-25b5-4fde-8f92-78ba064226cd,,-50.0,TransactionTypeEnum.JOIN_CONTEST,TransactionStatusEnum.COMPLETED,TransactionStatusEnum.COMPLETED,{'user_draft_id': '07e6fa11-3b56-4a37-91ff-5284d7e0e590'},2024-04-05 11:22:22.566387,
a7e6298e-2f09-4927-91a8-9c6be75372b3,,-50.0,TransactionTypeEnum.JOIN_CONTEST,TransactionStatusEnum.COMPLETED,TransactionStatusEnum.COMPLETED,{'user_draft_id': '07e6fa11-3b56-4a37-91ff-5284d7e0e590'},2024-04-05 11:22:03.845671,
37b5ecd9-7830-47e9-aa5d-f8c7b666688d,,44.0,TransactionTypeEnum.CASH_BONUS,TransactionStatusEnum.COMPLETED,TransactionStatusEnum.COMPLETED,{},2024-04-04 14:35:04.885860,
185b17bb-c94c-4284-bada-9344aa2b1a28,,156.0,TransactionTypeEnum.DEPOSIT_MONEY,TransactionStatusEnum.COMPLETED,TransactionStatusEnum.COMPLETED,{},2024-04-04 14:34:20.006664,
9f74e4c1-f4e6-45ff-af14-699792e78921,,109.0,TransactionTypeEnum.CASH_BONUS,TransactionStatusEnum.COMPLETED,TransactionStatusEnum.COMPLETED,{},2024-04-04 14:27:37.889109,
4b33cd0f-1d23-4707-b9fb-10df69c1cc5f,,391.0,TransactionTypeEnum.DEPOSIT_MONEY,TransactionStatusEnum.COMPLETED,TransactionStatusEnum.COMPLETED,{},2024-04-04 14:27:02.710416,
cb857fb9-f0a1-45db-b3b1-29d8ffd896fb,,219.0,TransactionTypeEnum.CASH_BONUS,TransactionStatusEnum.COMPLETED,TransactionStatusEnum.COMPLETED,{},2024-04-04 14:07:34.252686,
41ef7ffe-1097-4688-ab37-940758e3dae0,,781.0,TransactionTypeEnum.DEPOSIT_MONEY,TransactionStatusEnum.COMPLETED,TransactionStatusEnum.COMPLETED,{},2024-04-04 14:07:29.614675,
1c8647e1-1615-4f7d-9c96-1ead923c3ff2,,22.0,TransactionTypeEnum.CASH_BONUS,TransactionStatusEnum.COMPLETED,TransactionStatusEnum.COMPLETED,{},2024-04-04 14:03:19.705349,
555866a7-2d1a-498d-abba-4711db480e6b,,78.0,TransactionTypeEnum.DEPOSIT_MONEY,TransactionStatusEnum.COMPLETED,TransactionStatusEnum.COMPLETED,{},2024-04-04 14:03:19.701032,
91b4542a-7a54-4aa6-962b-e712ee931a3c,,219.0,TransactionTypeEnum.CASH_BONUS,TransactionStatusEnum.COMPLETED,TransactionStatusEnum.COMPLETED,{},2024-04-04 13:42:15.104547,
43a49478-cb0c-4810-95b8-f0aad8919e92,,781.0,TransactionTypeEnum.DEPOSIT_MONEY,TransactionStatusEnum.COMPLETED,TransactionStatusEnum.COMPLETED,{},2024-04-04 13:41:17.056454,
87a2a1c8-f2f9-4aec-ae50-90e7b5541fcf,,219.0,TransactionTypeEnum.CASH_BONUS,TransactionStatusEnum.COMPLETED,TransactionStatusEnum.COMPLETED,{},2024-04-04 13:41:10.331173,
4037a02d-c089-44e9-ab14-3def2269ba34,,781.0,TransactionTypeEnum.DEPOSIT_MONEY,TransactionStatusEnum.COMPLETED,TransactionStatusEnum.COMPLETED,{},2024-04-04 13:40:43.611819,
76561ce1-faec-447b-a52a-35daae41c005,,-0.0,TransactionTypeEnum.JOIN_CONTEST,TransactionStatusEnum.COMPLETED,TransactionStatusEnum.COMPLETED,{'user_draft_id': '16ef7a42-1469-4bce-8de8-d43e53a4861a'},2024-04-04 13:26:15.931089,
41b98b1d-d4a6-4131-aefc-12a90a06886e,,-0.0,TransactionTypeEnum.JOIN_CONTEST,TransactionStatusEnum.COMPLETED,TransactionStatusEnum.COMPLETED,{'user_draft_id': '16ef7a42-1469-4bce-8de8-d43e53a4861a'},2024-04-04 13:26:06.435011,
c06a8445-7391-4c26-9e8e-8ee1b00e8964,,-0.0,TransactionTypeEnum.JOIN_CONTEST,TransactionStatusEnum.COMPLETED,TransactionStatusEnum.COMPLETED,{'user_draft_id': '16ef7a42-1469-4bce-8de8-d43e53a4861a'},2024-04-04 13:25:38.421578,
106bbc80-3dfa-4b48-84ce-890e7ddc564a,,20.0,TransactionTypeEnum.CANCELLED_CONTEST,TransactionStatusEnum.COMPLETED,TransactionStatusEnum.COMPLETED,{'user_draft_id': 'bd42ed5b-bee6-4b91-a029-1bca45177e8f'},2024-04-04 13:21:22.865937,
b928d36c-eae9-4722-85ea-e3b0d6d58e4f,,20.0,TransactionTypeEnum.CANCELLED_CONTEST,TransactionStatusEnum.COMPLETED,TransactionStatusEnum.COMPLETED,{'user_draft_id': 'bd42ed5b-bee6-4b91-a029-1bca45177e8f'},2024-04-04 13:21:19.603427,
d5d5df26-ba4e-4123-a2a7-26a3a35984ae,,-0.0,TransactionTypeEnum.JOIN_CONTEST,TransactionStatusEnum.COMPLETED,TransactionStatusEnum.COMPLETED,{'user_draft_id': '4e612e2b-9e69-4599-a6a5-059d3e07e792'},2024-04-04 13:14:19.646640,
091db557-c6eb-4693-8072-c7dd5623d75d,,-0.0,TransactionTypeEnum.JOIN_CONTEST,TransactionStatusEnum.COMPLETED,TransactionStatusEnum.COMPLETED,{'user_draft_id': '4e612e2b-9e69-4599-a6a5-059d3e07e792'},2024-04-04 13:14:06.578082,
2405345c-cf13-47f2-b1b4-073263567430,,-0.0,TransactionTypeEnum.JOIN_CONTEST,TransactionStatusEnum.COMPLETED,TransactionStatusEnum.COMPLETED,{'user_draft_id': '4e612e2b-9e69-4599-a6a5-059d3e07e792'},2024-04-04 13:11:20.279179,
e2dc3792-9f1b-4868-8465-9756b63ff696,,-20.0,TransactionTypeEnum.JOIN_CONTEST,TransactionStatusEnum.COMPLETED,TransactionStatusEnum.COMPLETED,{'user_draft_id': 'a3a3cb29-30eb-4044-89b3-45c273e61a2a'},2024-04-04 12:45:42.745494,
3fcc90cf-0a50-49cb-9939-584a9d92ddcc,,-20.0,TransactionTypeEnum.JOIN_CONTEST,TransactionStatusEnum.COMPLETED,TransactionStatusEnum.COMPLETED,{'user_draft_id': 'a3a3cb29-30eb-4044-89b3-45c273e61a2a'},2024-04-04 12:45:28.036310,
9e0eae95-878f-4e17-b246-18d36965166b,,-20.0,TransactionTypeEnum.JOIN_CONTEST,TransactionStatusEnum.COMPLETED,TransactionStatusEnum.COMPLETED,{'user_draft_id': 'bd42ed5b-bee6-4b91-a029-1bca45177e8f'},2024-04-04 12:15:23.968169,
38dc758e-222d-4876-b86a-3e810ad996af,,-20.0,TransactionTypeEnum.JOIN_CONTEST,TransactionStatusEnum.COMPLETED,TransactionStatusEnum.COMPLETED,{'user_draft_id': 'bd42ed5b-bee6-4b91-a029-1bca45177e8f'},2024-04-04 12:14:52.960181,
d15cffa5-63ad-414e-acd1-1ca5ee76f3a6,,20.0,TransactionTypeEnum.CANCELLED_CONTEST,TransactionStatusEnum.COMPLETED,TransactionStatusEnum.COMPLETED,{'user_draft_id': '5f2e5be4-5942-49c8-825b-9aafb0ffab67'},2024-04-04 12:11:10.955910,
bc1ace3a-ef74-4151-9613-2ed148e0a40e,,-20.0,TransactionTypeEnum.JOIN_CONTEST,TransactionStatusEnum.COMPLETED,TransactionStatusEnum.COMPLETED,{'user_draft_id': '5f2e5be4-5942-49c8-825b-9aafb0ffab67'},2024-04-04 12:10:11.194527,
f38d1937-36a0-4059-b52e-3343262f8508,,4.0,TransactionTypeEnum.CASH_BONUS,TransactionStatusEnum.COMPLETED,TransactionStatusEnum.COMPLETED,{},2024-04-03 12:37:44.970370,
98b54154-a5ff-40ce-9dd0-55313927eeff,,16.0,TransactionTypeEnum.DEPOSIT_MONEY,TransactionStatusEnum.COMPLETED,TransactionStatusEnum.COMPLETED,{},2024-04-03 12:37:44.957906,
